{
  "test": {
    "accuracy": 0.6928571428571428,
    "f1_score": 0.5671488848704038,
    "precision": 0.4800510204081633,
    "recall": 0.6928571428571428,
    "manual_accuracy": 0.6928571428571428
  },
  "validation": {
    "accuracy": 0.6843501326259946,
    "f1_score": 0.5587814960547431,
    "precision": 0.6754966420226874,
    "recall": 0.6843501326259948,
    "manual_accuracy": 0.6843501326259946
  }
}